"Name","WPM","PauseCount01","PauseAvVal01","PauseSD","PauseCount025","PauseAvVal025","PauseCount05","PauseCount1","PauseCount2","TotalSilence","MeanLinear","MeanLog","SDLinear","SDLog","RangeLog"
"tester",162.650602409639,7,0.204285714285714,0.085216810324635,3,0.29,0,0,0,2.00000000000002,176.922882882883,2.2420716001799,29.3329297273228,0.0699528080537459,0.0878067708233643
